team,ap_rank,coaches_rank,playoffs,conference,week_label,opponent,pf,pa,unweighted_spread,unweighted_odds,weighted_spread,unw_pd_vs_spread,total_ou,unw_team_ou,unw_pd_vs_team_ou,unw_opp_ou,unw_pd_vs_opp_ou,w_pd_vs_spread,weighted_team_ou,w_pd_vs_team_ou,weighted_opp_ou,w_pd_vs_opp_ou,moneyline,implied_win_pct,week,game_type
OREGON,1,1,True,BIG 10,1,Idaho,24,14,-49.5,-111,-52.32857142857143,-39.5,60.5,55.0,-31.0,5.5,8.5,-42.32857142857143,56.41428571428571,-32.41428571428571,4.085714285714285,9.914285714285715,-20000,0.9950248756218906,1.0,regular
OREGON,1,1,True,BIG 10,2,Boise State,37,34,-17.5,-112,-18.666666666666668,-14.5,61.5,39.5,-2.5,22.0,12.0,-15.666666666666668,40.083333333333336,-3.0833333333333357,21.416666666666664,12.583333333333336,-941,0.9039385206532181,2.0,regular
OREGON,1,1,True,BIG 10,3,Oregon State,49,14,-18.5,-112,-19.733333333333334,16.5,49.5,34.0,15.0,15.5,-1.5,15.266666666666666,34.61666666666667,14.383333333333333,14.883333333333333,-0.8833333333333329,-1176,0.9216300940438872,3.0,regular
OREGON,1,1,True,BIG 10,4,UCLA,34,13,-24.0,-111,-25.371428571428574,-3.0,54.5,39.25,-5.25,15.25,-2.25,-4.371428571428574,39.93571428571428,-5.935714285714283,14.564285714285713,-1.5642857142857132,-2687,0.964119124506638,4.0,regular
OREGON,1,1,True,BIG 10,5,Michigan State,31,10,-22.5,-109,-23.357142857142858,-1.5,51.5,37.0,-6.0,14.5,-4.5,-2.3571428571428577,37.42857142857143,-6.428571428571431,14.071428571428571,-4.071428571428571,-1949,0.9511957052220595,5.0,regular
OREGON,1,1,True,BIG 10,6,Ohio State,32,31,3.5,-109,3.6333333333333337,4.5,54.5,25.5,6.5,29.0,2.0,4.633333333333334,25.433333333333334,6.566666666666666,29.066666666666666,1.9333333333333336,143,0.411522633744856,6.0,regular
OREGON,1,1,True,BIG 10,7,Purdue,35,0,-30.5,-110,-31.952380952380953,4.5,61.0,45.75,-10.75,15.25,-15.25,3.0476190476190474,46.476190476190474,-11.476190476190474,14.523809523809524,-14.523809523809524,-6293,0.9843578914437666,7.0,regular
OREGON,1,1,True,BIG 10,8,Illinois,38,9,-21.5,-108,-22.114285714285714,7.5,54.5,38.0,0.0,16.5,-7.5,6.885714285714286,38.30714285714286,-0.30714285714285694,16.192857142857143,-7.192857142857143,-1966,0.9515972894482091,8.0,regular
OREGON,1,1,True,BIG 10,9,Michigan,38,17,-14.5,-110,-15.190476190476192,6.5,44.5,29.5,8.5,15.0,2.0,5.809523809523808,29.845238095238095,8.154761904761905,14.654761904761905,2.345238095238095,-733,0.879951980792317,9.0,regular
OREGON,1,1,True,BIG 10,10,Maryland,39,18,-24.0,-110,-25.142857142857146,-3.0,57.5,40.75,-1.75,16.75,1.25,-4.142857142857146,41.32142857142857,-2.3214285714285694,16.178571428571427,1.821428571428573,-2852,0.9661246612466124,10.0,regular
OREGON,1,1,True,BIG 10,11,Wisconsin,16,13,-13.5,-112,-14.4,-10.5,49.5,31.5,-15.5,18.0,-5.0,-11.4,31.95,-15.95,17.55,-4.550000000000001,-573,0.8514115898959881,11.0,regular
OREGON,1,1,True,BIG 10,12,Washington,49,21,-17.0,-109,-17.64761904761905,11.0,50.5,33.75,15.25,16.75,4.25,10.352380952380951,34.07380952380952,14.926190476190477,16.426190476190477,4.573809523809523,-849,0.8946259220231823,12.0,regular
OREGON,1,1,True,BIG 10,BIG10 Championship,Penn State,45,37,-3.0,-114,-3.257142857142857,5.0,51.5,27.25,17.75,24.25,12.75,4.742857142857143,27.37857142857143,17.62142857142857,24.12142857142857,12.87857142857143,-172,0.6323529411764706,10.0,postseason
GEORGIA,2,2,True,SEC,1,Clemson,34,3,-10.5,-111,-11.1,20.5,49.0,29.75,4.25,19.25,-16.25,19.9,30.05,3.9499999999999993,18.95,-15.95,-498,0.8327759197324415,1.0,regular
GEORGIA,2,2,True,SEC,2,Tennessee Tech,48,3,-54.5,-114,-59.171428571428564,-9.5,68.5,61.5,-13.5,7.0,-4.0,-14.171428571428564,63.83571428571428,-15.835714285714282,4.664285714285718,-1.6642857142857181,-20000,0.9950248756218906,2.0,regular
GEORGIA,2,2,True,SEC,3,Kentucky,13,12,-22.0,-110,-23.047619047619047,-21.0,45.5,33.75,-20.75,11.75,0.25,-22.047619047619047,34.273809523809526,-21.273809523809526,11.226190476190476,0.7738095238095237,-2972,0.9674479166666666,3.0,regular
GEORGIA,2,2,True,SEC,4,Alabama,34,41,-2.0,-110,-2.0952380952380953,-9.0,50.0,26.0,8.0,24.0,17.0,-9.095238095238095,26.047619047619047,7.9523809523809526,23.952380952380953,17.047619047619047,-124,0.5535714285714286,4.0,regular
GEORGIA,2,2,True,SEC,5,Auburn,31,13,-21.5,-109,-22.31904761904762,-3.5,50.5,36.0,-5.0,14.5,-1.5,-4.31904761904762,36.40952380952381,-5.409523809523812,14.09047619047619,-1.0904761904761902,-2006,0.9525166191832859,5.0,regular
GEORGIA,2,2,True,SEC,6,Mississippi State,41,31,-33.5,-112,-35.733333333333334,-23.5,53.5,43.5,-2.5,10.0,21.0,-25.733333333333334,44.61666666666667,-3.616666666666667,8.883333333333333,22.116666666666667,-17000,0.9941520467836257,6.0,regular
GEORGIA,2,2,True,SEC,7,Texas,30,15,4.0,-112,4.266666666666667,19.0,57.0,26.5,3.5,30.5,-15.5,19.266666666666666,26.366666666666667,3.633333333333333,30.633333333333333,-15.633333333333333,160,0.38461538461538464,7.0,regular
GEORGIA,2,2,True,SEC,8,Florida,34,20,-14.5,-110,-15.190476190476192,-0.5,52.5,33.5,0.5,19.0,1.0,-1.1904761904761916,33.845238095238095,0.1547619047619051,18.654761904761905,1.345238095238095,-700,0.875,8.0,regular
GEORGIA,2,2,True,SEC,9,Ole Miss,10,28,-1.5,-112,-1.6,-19.5,55.5,28.5,-18.5,27.0,1.0,-19.6,28.55,-18.55,26.95,1.0500000000000007,-130,0.5652173913043478,9.0,regular
GEORGIA,2,2,True,SEC,10,Tennessee,31,17,-9.0,-109,-9.342857142857143,5.0,46.5,27.75,3.25,18.75,-1.75,4.657142857142857,27.92142857142857,3.078571428571429,18.57857142857143,-1.5785714285714292,-336,0.7706422018348624,10.0,regular
GEORGIA,2,2,True,SEC,11,UMass,59,21,-42.0,-113,-45.199999999999996,-4.0,55.5,48.75,10.25,6.75,14.25,-7.199999999999996,50.349999999999994,8.650000000000006,5.150000000000002,15.849999999999998,-20000,0.9950248756218906,11.0,regular
GEORGIA,2,2,True,SEC,12,Georgia Tech,44,42,-17.5,-108,-18.0,-15.5,49.0,33.25,10.75,15.75,26.25,-16.0,33.5,10.5,15.5,26.5,-1000,0.9090909090909091,12.0,regular
GEORGIA,2,2,True,SEC,SEC Championship,Texas,22,19,3.0,-111,3.1714285714285717,6.0,51.0,24.0,-2.0,27.0,-8.0,6.171428571428572,23.914285714285715,-1.9142857142857146,27.085714285714285,-8.085714285714285,132,0.43103448275862066,,postseason
NOTRE DAME,3,3,True,Independent,1,Texas A&M,23,13,3.0,-113,3.2285714285714286,13.0,47.0,22.0,1.0,25.0,-12.0,13.228571428571428,21.885714285714286,1.1142857142857139,25.114285714285714,-12.114285714285714,127,0.44052863436123346,1.0,regular
NOTRE DAME,3,3,True,Independent,2,Northern Illinois,14,16,-28.0,-109,-29.06666666666667,-30.0,47.5,37.75,-23.75,9.75,6.25,-31.06666666666667,38.28333333333333,-24.28333333333333,9.216666666666665,6.783333333333335,-6249,0.9842494881083635,2.0,regular
NOTRE DAME,3,3,True,Independent,3,Purdue,66,7,-7.0,-116,-7.733333333333334,52.0,47.0,27.0,39.0,20.0,-13.0,51.266666666666666,27.366666666666667,38.63333333333333,19.633333333333333,-12.633333333333333,-273,0.7319034852546917,3.0,regular
NOTRE DAME,3,3,True,Independent,4,Miami (OH),28,3,-27.5,-111,-29.071428571428573,-2.5,43.5,35.5,-7.5,8.0,-5.0,-4.071428571428573,36.285714285714285,-8.285714285714285,7.2142857142857135,-4.2142857142857135,-5043,0.9805560956640094,4.0,regular
NOTRE DAME,3,3,True,Independent,5,Louisville,31,24,-6.5,-112,-6.933333333333334,0.5,45.0,25.75,5.25,19.25,4.75,0.06666666666666643,25.96666666666667,5.033333333333331,19.03333333333333,4.966666666666669,-251,0.7150997150997151,5.0,regular
NOTRE DAME,3,3,True,Independent,6,Stanford,49,7,-22.5,-112,-24.0,19.5,45.0,33.75,15.25,11.25,-4.25,18.0,34.5,14.5,10.5,-3.5,-2596,0.9629080118694362,6.0,regular
NOTRE DAME,3,3,True,Independent,7,Georgia Tech,31,13,-14.0,-112,-14.933333333333334,4.0,49.5,31.75,-0.75,17.75,-4.75,3.0666666666666664,32.21666666666667,-1.2166666666666686,17.28333333333333,-4.283333333333331,-613,0.8597475455820477,7.0,regular
NOTRE DAME,3,3,True,Independent,8,Navy,51,14,-13.5,-116,-14.914285714285715,23.5,50.5,32.0,19.0,18.5,-4.5,22.085714285714285,32.707142857142856,18.292857142857144,17.792857142857144,-3.7928571428571445,-571,0.8509687034277198,8.0,regular
NOTRE DAME,3,3,True,Independent,9,Florida State,52,3,-25.5,-110,-26.714285714285715,23.5,43.5,34.5,17.5,9.0,-6.0,22.285714285714285,35.10714285714286,16.89285714285714,8.392857142857142,-5.392857142857142,-4375,0.9776536312849162,9.0,regular
NOTRE DAME,3,3,True,Independent,10,Virginia Tech,35,14,-20.5,-113,-22.06190476190476,0.5,51.0,35.75,-0.75,15.25,-1.25,-1.06190476190476,36.53095238095238,-1.5309523809523782,14.46904761904762,-0.46904761904762005,-1746,0.9458288190682557,10.0,regular
NOTRE DAME,3,3,True,Independent,11,Army,49,14,-14.5,-109,-15.052380952380954,20.5,44.5,29.5,19.5,15.0,-1.0,19.947619047619046,29.77619047619048,19.22380952380952,14.723809523809523,-0.723809523809523,-627,0.8624484181568088,11.0,regular
NOTRE DAME,3,3,True,Independent,12,USC,49,35,-7.0,-107,-7.133333333333333,7.0,52.5,29.75,19.25,22.75,12.25,6.866666666666667,29.816666666666666,19.183333333333334,22.683333333333334,12.316666666666666,-271,0.7304582210242587,12.0,regular
TEXAS,4,4,True,SEC,1,Colorado State,52,0,-35.0,-113,-37.666666666666664,17.0,62.5,48.75,3.25,13.75,-13.75,14.333333333333336,50.08333333333333,1.9166666666666714,12.416666666666668,-12.416666666666668,-20000,0.9950248756218906,1.0,regular
TEXAS,4,4,True,SEC,2,Michigan,31,12,-6.5,-113,-6.995238095238095,12.5,42.0,24.25,6.75,17.75,-5.75,12.004761904761905,24.497619047619047,6.502380952380953,17.502380952380953,-5.502380952380953,-251,0.7150997150997151,2.0,regular
TEXAS,4,4,True,SEC,3,UTSA,56,7,-35.5,-112,-37.86666666666667,13.5,55.5,45.5,10.5,10.0,-3.0,11.133333333333333,46.68333333333334,9.316666666666663,8.816666666666666,-1.8166666666666664,-20000,0.9950248756218906,3.0,regular
TEXAS,4,4,True,SEC,4,UL Monroe,51,3,-43.0,-110,-45.04761904761905,5.0,53.5,48.25,2.75,5.25,-2.25,2.952380952380949,49.273809523809526,1.7261904761904745,4.2261904761904745,-1.2261904761904745,-20000,0.9950248756218906,4.0,regular
TEXAS,4,4,True,SEC,5,Mississippi State,35,13,-37.5,-113,-40.357142857142854,-15.5,58.5,48.0,-13.0,10.5,2.5,-18.357142857142854,49.42857142857143,-14.42857142857143,9.071428571428573,3.928571428571427,-17000,0.9941520467836257,5.0,regular
TEXAS,4,4,True,SEC,6,Oklahoma,34,3,-17.0,-109,-17.64761904761905,14.0,49.0,33.0,1.0,16.0,-13.0,13.352380952380951,33.32380952380952,0.6761904761904773,15.676190476190476,-12.676190476190476,-871,0.8970133882595263,6.0,regular
TEXAS,4,4,True,SEC,7,Georgia,15,20,-23.5,-108,-24.17142857142857,-28.5,57.0,40.25,-25.25,16.75,3.25,-29.17142857142857,40.58571428571429,-25.58571428571429,16.414285714285715,3.5857142857142854,-193,0.658703071672355,7.0,regular
TEXAS,4,4,True,SEC,8,Vanderbilt,27,24,-17.0,-111,-17.97142857142857,-14.0,51.0,34.0,-7.0,17.0,7.0,-14.971428571428572,34.48571428571429,-7.4857142857142875,16.514285714285712,7.4857142857142875,-833,0.8928188638799571,8.0,regular
TEXAS,4,4,True,SEC,9,Florida,49,17,-23.5,-108,-24.17142857142857,8.5,48.5,36.0,13.0,12.5,4.5,7.828571428571429,36.33571428571429,12.664285714285711,12.164285714285715,4.835714285714285,-3225,0.9699248120300752,9.0,regular
TEXAS,4,4,True,SEC,10,Arkansas,20,10,-13.5,-110,-14.142857142857144,-3.5,56.5,35.0,-15.0,21.5,-11.5,-4.142857142857144,35.32142857142857,-15.32142857142857,21.178571428571427,-11.178571428571427,-635,0.8639455782312925,10.0,regular
TEXAS,4,4,True,SEC,11,Kentucky,31,14,-18.5,-110,-19.380952380952383,-1.5,47.0,32.75,-1.75,14.25,-0.25,-2.380952380952383,33.19047619047619,-2.19047619047619,13.809523809523808,0.19047619047619158,-1386,0.9327052489905787,11.0,regular
TEXAS,4,4,True,SEC,12,Texas A&M,17,7,-4.5,-109,-4.671428571428572,5.5,50.0,27.25,-10.25,22.75,-15.75,5.328571428571428,27.335714285714285,-10.335714285714285,22.664285714285715,-15.664285714285715,-190,0.6551724137931034,12.0,regular
TEXAS,4,4,True,SEC,SEC Championship,Georgia,19,22,-3.0,-109,-3.1142857142857148,-6.0,51.0,27.0,-8.0,24.0,-2.0,-6.114285714285715,27.057142857142857,-8.057142857142857,23.942857142857143,-1.942857142857143,-156,0.609375,,postseason
PENN STATE,5,5,True,BIG 10,1,West Virginia,34,12,-7.5,-105,-7.5,14.5,49.0,28.25,5.75,20.75,-8.75,14.5,28.25,5.75,20.75,-8.75,-311,0.7566909975669099,1.0,regular
PENN STATE,5,5,True,BIG 10,2,Bowling Green,34,27,-34.0,-110,-35.61904761904762,-27.0,51.0,42.5,-8.5,8.5,18.5,-28.61904761904762,43.30952380952381,-9.30952380952381,7.69047619047619,19.30952380952381,-20000,0.9950248756218906,2.0,regular
PENN STATE,5,5,True,BIG 10,3,Kent State,56,0,-49.0,-112,-52.266666666666666,7.0,57.5,53.25,2.75,4.25,-4.25,3.7333333333333343,54.88333333333333,1.1166666666666671,2.616666666666667,-2.616666666666667,-20000,0.9950248756218906,3.0,regular
PENN STATE,5,5,True,BIG 10,4,Illinois,21,7,-19.5,-110,-20.42857142857143,-5.5,48.5,34.0,-13.0,14.5,-7.5,-6.428571428571431,34.464285714285715,-13.464285714285715,14.035714285714285,-7.035714285714285,-1108,0.9172185430463576,4.0,regular
PENN STATE,5,5,True,BIG 10,5,UCLA,27,11,-29.5,-110,-30.904761904761905,-13.5,48.0,38.75,-11.75,9.25,1.75,-14.904761904761905,39.45238095238095,-12.452380952380949,8.547619047619047,2.4523809523809526,-7525,0.9868852459016394,5.0,regular
PENN STATE,5,5,True,BIG 10,6,USC,33,30,-3.5,-111,-3.7,-0.5,52.0,27.75,5.25,24.25,5.75,-0.7000000000000002,27.85,5.149999999999999,24.15,5.850000000000001,-182,0.6453900709219859,6.0,regular
PENN STATE,5,5,True,BIG 10,7,Wisconsin,28,13,-6.5,-108,-6.685714285714285,8.5,47.5,27.0,1.0,20.5,-7.5,8.314285714285715,27.09285714285714,0.9071428571428584,20.40714285714286,-7.407142857142858,-235,0.7014925373134329,7.0,regular
PENN STATE,5,5,True,BIG 10,8,Ohio State,13,20,3.0,-107,3.057142857142857,-4.0,47.5,22.25,-9.25,25.25,-5.25,-3.942857142857143,22.22142857142857,-9.221428571428572,25.27857142857143,-5.2785714285714285,136,0.423728813559322,8.0,regular
PENN STATE,5,5,True,BIG 10,9,Washington,35,6,-13.5,-114,-14.657142857142857,15.5,47.5,30.5,4.5,17.0,-11.0,14.342857142857143,31.07857142857143,3.921428571428571,16.42142857142857,-10.42142857142857,-560,0.8484848484848485,9.0,regular
PENN STATE,5,5,True,BIG 10,10,Purdue,49,10,-30.0,-110,-31.42857142857143,9.0,51.5,40.75,8.25,10.75,-0.75,7.571428571428569,41.464285714285715,7.535714285714285,10.035714285714285,-0.0357142857142847,-8590,0.9884925201380897,10.0,regular
PENN STATE,5,5,True,BIG 10,11,Minnesota,26,25,-11.0,-111,-11.628571428571428,-10.0,45.5,28.25,-2.25,17.25,7.75,-10.628571428571428,28.564285714285713,-2.564285714285713,16.935714285714287,8.064285714285713,-456,0.8201438848920863,11.0,regular
PENN STATE,5,5,True,BIG 10,12,Maryland,44,7,-27.0,-113,-29.057142857142857,10.0,50.5,38.75,5.25,11.75,-4.75,7.942857142857143,39.778571428571425,4.221428571428575,10.721428571428572,-3.7214285714285715,-3862,0.9747602221100454,12.0,regular
PENN STATE,5,5,True,BIG 10,BIG 10 Championship,Oregon,37,45,3.0,-105,3.0,-5.0,51.5,24.25,12.75,27.25,17.75,-5.0,24.25,12.75,27.25,17.75,141,0.4149377593360996,10.0,postseason
OHIO STATE,6,7,True,BIG 10,1,Akron,52,6,-48.5,-111,-51.27142857142857,-2.5,56.5,52.5,-0.5,4.0,2.0,-5.271428571428572,53.885714285714286,-1.8857142857142861,2.614285714285714,3.385714285714286,-20000,0.9950248756218906,1.0,regular
OHIO STATE,6,7,True,BIG 10,2,Western Michigan,56,0,-37.5,-113,-40.357142857142854,18.5,54.5,46.0,10.0,8.5,-8.5,15.642857142857146,47.42857142857143,8.57142857142857,7.071428571428573,-7.071428571428573,-200,0.6666666666666666,2.0,regular
OHIO STATE,6,7,True,BIG 10,3,Marshall,49,14,-40.0,-110,-41.904761904761905,-5.0,56.5,48.25,0.75,8.25,5.75,-6.904761904761905,49.20238095238095,-0.202380952380949,7.2976190476190474,6.7023809523809526,-20000,0.9950248756218906,3.0,regular
OHIO STATE,6,7,True,BIG 10,4,Michigan State,38,7,-23.5,-112,-25.066666666666666,7.5,48.5,36.0,2.0,12.5,-5.5,5.933333333333334,36.78333333333333,1.2166666666666686,11.716666666666667,-4.716666666666667,-3500,0.9722222222222222,4.0,regular
OHIO STATE,6,7,True,BIG 10,5,Iowa,35,7,-17.0,-113,-18.295238095238094,11.0,45.5,31.25,3.75,14.25,-7.25,9.704761904761906,31.897619047619045,3.1023809523809547,13.602380952380953,-6.602380952380953,-1294,0.9282639885222381,5.0,regular
OHIO STATE,6,7,True,BIG 10,6,Oregon,31,32,-3.5,-108,-3.5999999999999996,-4.5,54.5,29.0,2.0,25.5,6.5,-4.6,29.05,1.9499999999999993,25.45,6.550000000000001,-171,0.6309963099630996,6.0,regular
OHIO STATE,6,7,True,BIG 10,7,Nebraska,21,17,-25.0,-111,-26.42857142857143,-21.0,48.0,36.5,-15.5,11.5,5.5,-22.42857142857143,37.214285714285715,-16.214285714285715,10.785714285714285,6.214285714285715,-5442,0.9819559725730783,7.0,regular
OHIO STATE,6,7,True,BIG 10,8,Penn State,20,13,-3.0,-112,-3.2,4.0,47.5,25.25,-5.25,22.25,-9.25,3.8,25.35,-5.350000000000001,22.15,-9.149999999999999,-162,0.6183206106870229,8.0,regular
OHIO STATE,6,7,True,BIG 10,9,Purdue,45,0,-37.5,-111,-39.642857142857146,7.5,54.5,46.0,-1.0,8.5,-8.5,5.357142857142854,47.07142857142857,-2.0714285714285694,7.428571428571427,-7.428571428571427,-210,0.6774193548387096,9.0,regular
OHIO STATE,6,7,True,BIG 10,10,Northwestern,31,7,-28.0,-108,-28.799999999999997,-4.0,43.5,35.75,-4.75,7.75,-0.75,-4.799999999999997,36.15,-5.149999999999999,7.350000000000001,-0.3500000000000014,-8027,0.9876953365325458,10.0,regular
OHIO STATE,6,7,True,BIG 10,11,Indiana,38,15,-10.5,-110,-11.0,12.5,52.5,31.5,6.5,21.0,-6.0,12.0,31.75,6.25,20.75,-5.75,-441,0.8151571164510166,11.0,regular
OHIO STATE,6,7,True,BIG 10,12,Michigan,10,13,-19.5,-111,-20.614285714285714,-22.5,41.5,30.5,-20.5,11.0,2.0,-23.614285714285714,31.057142857142857,-21.057142857142857,10.442857142857143,2.557142857142857,-1558,0.9396863691194209,12.0,regular
TENNESSEE,7,6,True,SEC,1,Chattanooga,69,3,-39.5,-112,-42.13333333333333,26.5,57.5,48.5,20.5,9.0,-6.0,23.866666666666667,49.81666666666666,19.183333333333337,7.683333333333334,-4.683333333333334,-20000,0.9950248756218906,1.0,regular
TENNESSEE,7,6,True,SEC,2,NC State,51,10,-8.5,-100,-8.095238095238095,32.5,59.5,34.0,17.0,25.5,-15.5,32.904761904761905,33.79761904761905,17.20238095238095,25.702380952380953,-15.702380952380953,-346,0.7757847533632287,2.0,regular
TENNESSEE,7,6,True,SEC,3,Kent State,71,0,-49.0,-112,-52.266666666666666,22.0,62.0,55.5,15.5,6.5,-6.5,18.733333333333334,57.13333333333333,13.866666666666667,4.866666666666667,-4.866666666666667,-200,0.6666666666666666,3.0,regular
TENNESSEE,7,6,True,SEC,4,Oklahoma,25,15,-5.5,-113,-5.9190476190476184,4.5,56.5,31.0,-6.0,25.5,-10.5,4.0809523809523816,31.20952380952381,-6.209523809523809,25.29047619047619,-10.290476190476191,-230,0.696969696969697,4.0,regular
TENNESSEE,7,6,True,SEC,5,Arkansas,14,19,-14.0,-111,-14.8,-19.0,57.5,35.75,-21.75,21.75,-2.75,-19.8,36.15,-22.15,21.35,-2.3500000000000014,-569,0.8505231689088192,5.0,regular
TENNESSEE,7,6,True,SEC,6,Florida,23,17,-14.0,-111,-14.8,-8.0,55.5,34.75,-11.75,20.75,-3.75,-8.8,35.15,-12.149999999999999,20.35,-3.3500000000000014,-632,0.8633879781420765,6.0,regular
TENNESSEE,7,6,True,SEC,7,Alabama,24,17,3.5,-113,3.7666666666666666,10.5,57.5,27.0,-3.0,30.5,-13.5,10.766666666666666,26.866666666666667,-2.866666666666667,30.633333333333333,-13.633333333333333,141,0.4149377593360996,7.0,regular
TENNESSEE,7,6,True,SEC,8,Kentucky,28,18,-17.5,-110,-18.333333333333336,-7.5,45.5,31.5,-3.5,14.0,4.0,-8.333333333333336,31.916666666666668,-3.916666666666668,13.583333333333332,4.416666666666668,-1023,0.9109528049866429,8.0,regular
TENNESSEE,7,6,True,SEC,9,Mississippi State,33,14,-25.5,-110,-26.714285714285715,-6.5,61.5,43.5,-10.5,18.0,-4.0,-7.714285714285715,44.10714285714286,-11.107142857142861,17.392857142857142,-3.3928571428571423,-4212,0.9768089053803339,9.0,regular
TENNESSEE,7,6,True,SEC,10,Georgia,17,31,9.0,-110,9.428571428571429,-5.0,46.5,18.75,-1.75,27.75,3.25,-4.571428571428571,18.535714285714285,-1.5357142857142847,27.964285714285715,3.0357142857142847,264,0.27472527472527475,10.0,regular
TENNESSEE,7,6,True,SEC,11,UTEP,56,0,-41.5,-110,-43.47619047619048,14.5,53.5,47.5,8.5,6.0,-6.0,12.523809523809518,48.48809523809524,7.511904761904759,5.011904761904759,-5.011904761904759,-200,0.6666666666666666,11.0,regular
TENNESSEE,7,6,True,SEC,12,Vanderbilt,36,23,-10.0,-106,-10.095238095238095,3.0,47.0,28.5,7.5,18.5,4.5,2.904761904761905,28.547619047619047,7.4523809523809526,18.452380952380953,4.5476190476190474,-378,0.7907949790794979,12.0,regular
BOISE STATE,8,8,True,Mountain West,1,Georgia Southern,56,45,-13.0,-110,-13.61904761904762,-2.0,57.0,35.0,21.0,22.0,23.0,-2.6190476190476204,35.30952380952381,20.69047619047619,21.69047619047619,23.30952380952381,-532,0.8417721518987342,1.0,regular
BOISE STATE,8,8,True,Mountain West,2,Oregon,34,37,17.5,-111,18.5,14.5,61.5,22.0,12.0,39.5,-2.5,15.5,21.5,12.5,40.0,-3.0,612,0.1404494382022472,2.0,regular
BOISE STATE,8,8,True,Mountain West,3,Portland State,56,14,-42.5,-109,-44.11904761904762,-0.5,69.5,56.0,0.0,13.5,0.5,-2.1190476190476204,56.80952380952381,-0.8095238095238102,12.69047619047619,1.3095238095238102,-20000,0.9950248756218906,3.0,regular
BOISE STATE,8,8,True,Mountain West,4,Washington State,45,24,-6.5,-112,-6.933333333333334,14.5,66.0,36.25,8.75,29.75,-5.75,14.066666666666666,36.46666666666667,8.533333333333331,29.53333333333333,-5.533333333333331,-234,0.7005988023952096,4.0,regular
BOISE STATE,8,8,True,Mountain West,5,Utah State,62,30,-28.0,-111,-29.6,4.0,66.5,47.25,14.75,19.25,10.75,2.3999999999999986,48.05,13.950000000000003,18.45,11.55,-5927,0.9834079973452796,5.0,regular
BOISE STATE,8,8,True,Mountain West,6,Hawaii,28,7,-21.0,-111,-22.2,0.0,60.0,40.5,-12.5,19.5,-12.5,-1.1999999999999993,41.1,-13.100000000000001,18.9,-11.899999999999999,-1508,0.9378109452736318,6.0,regular
BOISE STATE,8,8,True,Mountain West,7,UNLV,29,24,-4.0,-112,-4.266666666666667,1.0,64.0,34.0,-5.0,30.0,-6.0,0.7333333333333334,34.13333333333333,-5.133333333333333,29.866666666666667,-5.866666666666667,-197,0.6632996632996633,7.0,regular
BOISE STATE,8,8,True,Mountain West,8,San Diego State,56,24,-24.5,-111,-25.900000000000002,7.5,55.5,40.0,16.0,15.5,8.5,6.099999999999998,40.7,15.299999999999997,14.799999999999999,9.200000000000001,-3786,0.9742665980442614,8.0,regular
BOISE STATE,8,8,True,Mountain West,9,Nevada,28,21,-23.5,-112,-25.066666666666666,-16.5,61.5,42.5,-14.5,19.0,2.0,-18.066666666666666,43.28333333333333,-15.283333333333331,18.21666666666667,2.7833333333333314,-2412,0.9601910828025477,9.0,regular
BOISE STATE,8,8,True,Mountain West,10,San Jose State,42,21,-14.0,-111,-14.8,7.0,62.0,38.0,4.0,24.0,-3.0,6.199999999999999,38.4,3.6000000000000014,23.6,-2.6000000000000014,-604,0.8579545454545454,10.0,regular
BOISE STATE,8,8,True,Mountain West,11,Wyoming,17,13,-22.5,-108,-23.14285714285714,-18.5,54.5,38.5,-21.5,16.0,-3.0,-19.14285714285714,38.82142857142857,-21.82142857142857,15.67857142857143,-2.6785714285714306,-2273,0.9578592498946481,11.0,regular
BOISE STATE,8,8,True,Mountain West,12,Oregon State,34,18,-17.5,-112,-18.666666666666668,-1.5,58.5,38.0,-4.0,20.5,-2.5,-2.666666666666668,38.583333333333336,-4.583333333333336,19.916666666666664,-1.9166666666666643,-1076,0.9149659863945578,12.0,regular
BOISE STATE,8,8,True,Mountain West,Mountain West Championship,UNLV,21,7,-4.0,-110,-4.190476190476191,10.0,57.5,30.75,-9.75,26.75,-19.75,9.80952380952381,30.845238095238095,-9.845238095238095,26.654761904761905,-19.654761904761905,-192,0.6575342465753424,,postseason
INDIANA,9,9,True,BIG 10,1,Florida International,31,7,-25.5,-110,-26.714285714285715,-1.5,51.5,38.5,-7.5,13.0,-6.0,-2.7142857142857153,39.10714285714286,-8.107142857142861,12.392857142857142,-5.392857142857142,-3133,0.9690689761831116,1.0,regular
INDIANA,9,9,True,BIG 10,2,Western Illinois,77,3,-45.0,-110,-47.142857142857146,29.0,54.5,49.75,27.25,4.75,-1.75,26.857142857142854,50.82142857142857,26.17857142857143,3.678571428571427,-0.678571428571427,-20000,0.9950248756218906,2.0,regular
INDIANA,9,9,True,BIG 10,3,UCLA,42,13,-3.5,-113,-3.7666666666666666,25.5,47.0,25.25,16.75,21.75,-8.75,25.233333333333334,25.383333333333333,16.616666666666667,21.616666666666667,-8.616666666666667,-181,0.6441281138790036,3.0,regular
INDIANA,9,9,True,BIG 10,4,Charlotte,52,14,-28.5,-110,-29.857142857142858,9.5,50.5,39.5,12.5,11.0,3.0,8.142857142857142,40.17857142857143,11.82142857142857,10.321428571428571,3.678571428571429,-6012,0.9836387434554974,4.0,regular
INDIANA,9,9,True,BIG 10,5,Maryland,42,28,-7.5,-106,-7.571428571428571,6.5,50.5,29.0,13.0,21.5,6.5,6.428571428571429,29.035714285714285,12.964285714285715,21.464285714285715,6.535714285714285,-300,0.75,5.0,regular
INDIANA,9,9,True,BIG 10,6,Northwestern,41,24,-13.0,-108,-13.37142857142857,4.0,40.5,26.75,14.25,13.75,10.25,3.62857142857143,26.935714285714283,14.064285714285717,13.564285714285715,10.435714285714285,-571,0.8509687034277198,6.0,regular
INDIANA,9,9,True,BIG 10,7,Nebraska,56,7,-6.5,-111,-6.871428571428572,42.5,48.0,27.25,28.75,20.75,-13.75,42.128571428571426,27.435714285714287,28.564285714285713,20.564285714285713,-13.564285714285713,-237,0.7032640949554896,7.0,regular
INDIANA,9,9,True,BIG 10,8,Washington,31,17,-5.0,-112,-5.333333333333333,9.0,54.0,29.5,1.5,24.5,-7.5,8.666666666666668,29.666666666666668,1.3333333333333321,24.333333333333332,-7.333333333333332,-218,0.6855345911949685,8.0,regular
INDIANA,9,9,True,BIG 10,9,Michigan State,47,10,-7.5,-107,-7.642857142857142,29.5,53.5,30.5,16.5,23.0,-13.0,29.357142857142858,30.57142857142857,16.42857142857143,22.92857142857143,-12.92857142857143,-297,0.7481108312342569,9.0,regular
INDIANA,9,9,True,BIG 10,10,Michigan,20,15,-14.5,-109,-15.052380952380954,-9.5,47.5,31.0,-11.0,16.5,-1.5,-10.052380952380954,31.27619047619048,-11.276190476190479,16.22380952380952,-1.2238095238095212,-685,0.8726114649681529,10.0,regular
INDIANA,9,9,True,BIG 10,11,Ohio State,15,38,10.5,-110,11.0,-12.5,52.5,21.0,-6.0,31.5,6.5,-12.0,20.75,-5.75,31.75,6.25,331,0.23201856148491878,11.0,regular
INDIANA,9,9,True,BIG 10,12,Purdue,66,0,-29.5,-109,-30.623809523809527,36.5,56.5,43.0,23.0,13.5,-13.5,35.37619047619047,43.56190476190476,22.438095238095237,12.938095238095237,-12.938095238095237,-7480,0.9868073878627969,12.0,regular
ASU,10,12,True,BIG 12,1,Wyoming,48,7,-6.5,-110,-6.80952380952381,34.5,47.0,26.75,21.25,20.25,-13.25,34.19047619047619,26.904761904761905,21.095238095238095,20.095238095238095,-13.095238095238095,-251,0.7150997150997151,1.0,regular
ASU,10,12,True,BIG 12,2,Mississippi State,30,23,-6.0,-112,-6.4,1.0,58.0,32.0,-2.0,26.0,-3.0,0.5999999999999996,32.2,-2.200000000000003,25.8,-2.8000000000000007,-229,0.6960486322188449,2.0,regular
ASU,10,12,True,BIG 12,3,Texas State,31,28,3.0,-114,3.257142857142857,6.0,58.5,27.75,3.25,30.75,-2.75,6.257142857142857,27.62142857142857,3.37857142857143,30.87857142857143,-2.87857142857143,124,0.44642857142857145,3.0,regular
ASU,10,12,True,BIG 12,4,Texas Tech,22,30,4.5,-109,4.671428571428572,-3.5,58.5,27.0,-5.0,31.5,-1.5,-3.3285714285714283,26.914285714285715,-4.914285714285715,31.585714285714285,-1.5857142857142854,168,0.373134328358209,4.0,regular
ASU,10,12,True,BIG 12,5,Kansas,35,31,-2.5,-112,-2.6666666666666665,1.5,50.0,26.25,8.75,23.75,7.25,1.3333333333333335,26.333333333333332,8.666666666666668,23.666666666666668,7.333333333333332,-135,0.574468085106383,5.0,regular
ASU,10,12,True,BIG 12,6,Utah,27,19,6.0,-111,6.342857142857143,14.0,46.5,20.25,6.75,26.25,-7.25,14.342857142857143,20.07857142857143,6.921428571428571,26.42142857142857,-7.421428571428571,189,0.3460207612456747,6.0,regular
ASU,10,12,True,BIG 12,7,Cincinnati,14,24,5.5,-110,5.761904761904762,-4.5,51.0,22.75,-8.75,28.25,-4.25,-4.238095238095238,22.61904761904762,-8.61904761904762,28.38095238095238,-4.38095238095238,174,0.36496350364963503,7.0,regular
ASU,10,12,True,BIG 12,8,Oklahoma State,42,21,-4.5,-111,-4.757142857142857,16.5,57.5,31.0,11.0,26.5,-5.5,16.242857142857144,31.12857142857143,10.87142857142857,26.37142857142857,-5.37142857142857,-194,0.6598639455782312,8.0,regular
ASU,10,12,True,BIG 12,9,UCF,35,31,-2.5,-112,-2.6666666666666665,1.5,56.0,29.25,5.75,26.75,4.25,1.3333333333333335,29.333333333333332,5.666666666666668,26.666666666666668,4.333333333333332,-137,0.5780590717299579,9.0,regular
ASU,10,12,True,BIG 12,10,Kansas State,24,14,7.5,-112,8.0,17.5,51.5,22.0,2.0,29.5,-15.5,18.0,21.75,2.25,29.75,-15.75,236,0.2976190476190476,10.0,regular
ASU,10,12,True,BIG 12,11,BYU,28,23,-3.5,-104,-3.466666666666667,1.5,49.5,26.5,1.5,23.0,0.0,1.5333333333333332,26.483333333333334,1.5166666666666657,23.016666666666666,-0.01666666666666572,-163,0.6197718631178707,11.0,regular
ASU,10,12,True,BIG 12,12,Arizona,49,7,-7.5,-109,-7.7857142857142865,34.5,53.5,30.5,18.5,23.0,-16.0,34.214285714285715,30.642857142857142,18.357142857142858,22.857142857142858,-15.857142857142858,-299,0.7493734335839599,12.0,regular
ASU,10,12,True,BIG 12,BIG 12 Championship,Iowa State,45,19,1.5,-111,1.5857142857142859,27.5,50.5,24.5,20.5,26.0,-7.0,27.585714285714285,24.457142857142856,20.542857142857144,26.042857142857144,-7.0428571428571445,100,0.5,12.0,postseason
ALABAMA,11,11,False,SEC,1,Western Kentucky,63,0,-34.0,-110,-35.61904761904762,29.0,59.5,46.75,16.25,12.75,-12.75,27.38095238095238,47.55952380952381,15.44047619047619,11.94047619047619,-11.94047619047619,-14508,0.9931544359255202,1.0,regular
ALABAMA,11,11,False,SEC,2,South Florida,42,16,-30.5,-111,-32.24285714285714,-4.5,64.5,47.5,-5.5,17.0,-1.0,-6.24285714285714,48.37142857142857,-6.371428571428567,16.12857142857143,-0.1285714285714299,-9023,0.9890386934122547,2.0,regular
ALABAMA,11,11,False,SEC,3,Wisconsin,42,10,-14.5,-110,-15.190476190476192,17.5,47.5,31.0,11.0,16.5,-6.5,16.80952380952381,31.345238095238095,10.654761904761905,16.154761904761905,-6.154761904761905,-788,0.8873873873873874,3.0,regular
ALABAMA,11,11,False,SEC,4,Georgia,41,34,2.0,-110,2.0952380952380953,9.0,50.0,24.0,17.0,26.0,8.0,9.095238095238095,23.952380952380953,17.047619047619047,26.047619047619047,7.9523809523809526,103,0.49261083743842365,4.0,regular
ALABAMA,11,11,False,SEC,5,Vanderbilt,35,40,-22.5,-110,-23.571428571428573,-27.5,53.5,38.0,-3.0,15.5,24.5,-28.571428571428573,38.535714285714285,-3.5357142857142847,14.964285714285714,25.035714285714285,-2391,0.9598554797270172,5.0,regular
ALABAMA,11,11,False,SEC,6,South Carolina,27,25,-21.5,-108,-22.114285714285714,-19.5,50.5,36.0,-9.0,14.5,10.5,-20.114285714285714,36.30714285714286,-9.307142857142857,14.192857142857143,10.807142857142857,-1956,0.9513618677042801,6.0,regular
ALABAMA,11,11,False,SEC,7,Tennessee,17,24,-3.5,-107,-3.5666666666666664,-10.5,57.5,30.5,-13.5,27.0,-3.0,-10.566666666666666,30.53333333333333,-13.533333333333331,26.96666666666667,-2.9666666666666686,-167,0.6254681647940075,7.0,regular
ALABAMA,11,11,False,SEC,8,Missouri,34,0,-16.0,-109,-16.60952380952381,18.0,51.0,33.5,0.5,17.5,-17.5,17.39047619047619,33.804761904761904,0.19523809523809632,17.195238095238096,-17.195238095238096,-732,0.8798076923076923,8.0,regular
ALABAMA,11,11,False,SEC,9,LSU,42,13,-3.0,-106,-3.0285714285714285,26.0,59.5,31.25,10.75,28.25,-15.25,25.97142857142857,31.264285714285712,10.735714285714288,28.235714285714288,-15.235714285714288,-146,0.5934959349593496,9.0,regular
ALABAMA,11,11,False,SEC,10,Mercer,52,7,-42.5,-113,-45.738095238095234,2.5,58.5,50.5,1.5,8.0,-1.0,-0.7380952380952337,52.11904761904762,-0.1190476190476204,6.380952380952383,0.6190476190476168,-20000,0.9950248756218906,10.0,regular
ALABAMA,11,11,False,SEC,11,Oklahoma,3,24,-14.0,-109,-14.533333333333335,-35.0,47.0,30.5,-27.5,16.5,7.5,-35.53333333333333,30.766666666666666,-27.766666666666666,16.233333333333334,7.766666666666666,-637,0.864314789687924,11.0,regular
ALABAMA,11,11,False,SEC,12,Auburn,28,14,-10.5,-111,-11.1,3.5,51.0,30.75,-2.75,20.25,-6.25,2.9000000000000004,31.05,-3.0500000000000007,19.95,-5.949999999999999,-425,0.8095238095238095,12.0,regular
SMU,12,12,True,ACC,1,Nevada,29,24,-28.0,-113,-30.133333333333333,-23.0,55.5,41.75,-12.75,13.75,10.25,-25.133333333333333,42.81666666666666,-13.816666666666663,12.683333333333334,11.316666666666666,-6533,0.9849238655208804,1.0,regular
SMU,12,12,True,ACC,2,Houston Christian,59,7,-50.0,-111,-52.85714285714286,2.0,62.5,56.25,2.75,6.25,0.75,-0.8571428571428612,57.67857142857143,1.3214285714285694,4.821428571428569,2.1785714285714306,-20000,0.9950248756218906,2.0,regular
SMU,12,12,True,ACC,3,BYU,15,18,-12.5,-110,-13.095238095238097,-15.5,56.0,34.25,-19.25,21.75,-3.75,-16.095238095238095,34.54761904761905,-19.54761904761905,21.452380952380953,-3.4523809523809526,-513,0.8368678629690048,3.0,regular
SMU,12,12,True,ACC,4,TCU,66,42,1.0,-109,1.0380952380952382,25.0,58.5,28.75,37.25,29.75,12.25,25.038095238095238,28.73095238095238,37.26904761904762,29.76904761904762,12.230952380952381,-103,0.5073891625615764,4.0,regular
SMU,12,12,True,ACC,5,Florida State,42,16,-6.0,-110,-6.2857142857142865,20.0,46.5,26.25,15.75,20.25,-4.25,19.714285714285715,26.392857142857142,15.607142857142858,20.107142857142858,-4.107142857142858,-220,0.6875,5.0,regular
SMU,12,12,True,ACC,6,Louisville,34,27,6.5,-106,6.561904761904762,13.5,55.5,24.5,9.5,31.0,-4.0,13.561904761904762,24.46904761904762,9.530952380952382,31.03095238095238,-4.030952380952382,204,0.32894736842105265,6.0,regular
SMU,12,12,True,ACC,7,Stanford,40,10,-16.5,-113,-17.757142857142856,13.5,52.5,34.5,5.5,18.0,-8.0,12.242857142857144,35.128571428571426,4.871428571428574,17.371428571428574,-7.371428571428574,-795,0.888268156424581,7.0,regular
SMU,12,12,True,ACC,8,Duke,28,27,-11.5,-110,-12.047619047619047,-10.5,49.5,30.5,-2.5,19.0,8.0,-11.047619047619047,30.773809523809526,-2.7738095238095255,18.726190476190474,8.273809523809526,-448,0.8175182481751825,8.0,regular
SMU,12,12,True,ACC,9,Pittsburgh,48,25,-7.0,-114,-7.6,16.0,56.5,31.75,16.25,24.75,0.25,15.4,32.05,15.950000000000003,24.45,0.5500000000000007,-289,0.7429305912596401,9.0,regular
SMU,12,12,True,ACC,10,Boston College,38,28,-18.5,-112,-19.733333333333334,-8.5,54.5,36.5,1.5,18.0,10.0,-9.733333333333334,37.11666666666667,0.8833333333333329,17.383333333333333,10.616666666666667,-1106,0.9170812603648425,10.0,regular
SMU,12,12,True,ACC,11,Virginia,33,7,-11.5,-112,-12.266666666666666,14.5,54.5,33.0,0.0,21.5,-14.5,13.733333333333334,33.38333333333333,-0.38333333333333286,21.116666666666667,-14.116666666666667,-458,0.8207885304659498,11.0,regular
SMU,12,12,True,ACC,12,California,38,6,-12.5,-110,-13.095238095238097,19.5,54.5,33.5,4.5,21.0,-15.0,18.904761904761905,33.79761904761905,4.202380952380949,20.702380952380953,-14.702380952380953,-490,0.8305084745762712,12.0,regular
SMU,12,12,True,ACC,ACC Championship,Clemson,31,34,-2.5,-113,-2.6904761904761902,-5.5,56.5,29.5,1.5,27.0,7.0,-5.69047619047619,29.595238095238095,1.404761904761905,26.904761904761905,7.095238095238095,-136,0.576271186440678,,postseason
CLEMSON,13,13,True,ACC,1,Georgia,3,34,10.5,-109,10.9,-20.5,49.0,19.25,-16.25,29.75,4.25,-20.1,19.05,-16.05,29.95,4.050000000000001,373,0.21141649048625794,1.0,regular
CLEMSON,13,13,True,ACC,2,Appalachian State,66,20,-17.0,-108,-17.485714285714284,29.0,52.5,34.75,31.25,17.75,2.25,28.514285714285716,34.99285714285714,31.00714285714286,17.50714285714286,2.49285714285714,-866,0.8964803312629399,2.0,regular
CLEMSON,13,13,True,ACC,3,NC State,59,35,-17.0,-110,-17.80952380952381,7.0,44.0,30.5,28.5,13.5,21.5,6.19047619047619,30.904761904761905,28.095238095238095,13.095238095238095,21.904761904761905,-994,0.9085923217550275,3.0,regular
CLEMSON,13,13,True,ACC,4,Stanford,40,14,-24.0,-110,-25.142857142857146,2.0,58.0,41.0,-1.0,17.0,-3.0,0.8571428571428541,41.57142857142857,-1.5714285714285694,16.428571428571427,-2.428571428571427,-2272,0.9578414839797639,4.0,regular
CLEMSON,13,13,True,ACC,5,Florida State,29,13,-16.5,-111,-17.442857142857143,-0.5,47.0,31.75,-2.75,15.25,-2.25,-1.442857142857143,32.221428571428575,-3.221428571428575,14.778571428571428,-1.7785714285714285,-779,0.8862343572241184,5.0,regular
CLEMSON,13,13,True,ACC,6,Wake Forest,49,14,-21.0,-109,-21.8,14.0,63.0,42.0,7.0,21.0,-7.0,13.2,42.4,6.600000000000001,20.6,-6.600000000000001,-1603,0.9412800939518496,6.0,regular
CLEMSON,13,13,True,ACC,7,Virginia,48,31,-20.5,-112,-21.866666666666667,-3.5,57.5,39.0,9.0,18.5,12.5,-4.866666666666667,39.68333333333334,8.316666666666663,17.816666666666666,13.183333333333334,-1550,0.9393939393939394,7.0,regular
CLEMSON,13,13,True,ACC,8,Louisville,21,33,-11.0,-114,-11.942857142857141,-23.0,62.5,36.75,-15.75,25.75,7.25,-23.942857142857143,37.22142857142857,-16.221428571428568,25.27857142857143,7.7214285714285715,-403,0.8011928429423459,8.0,regular
CLEMSON,13,13,True,ACC,9,Virginia Tech,24,14,-5.5,-109,-5.70952380952381,4.5,54.5,30.0,-6.0,24.5,-10.5,4.29047619047619,30.104761904761904,-6.104761904761904,24.395238095238096,-10.395238095238096,-214,0.6815286624203821,9.0,regular
CLEMSON,13,13,True,ACC,10,Pittsburgh,24,20,-12.5,-112,-13.333333333333334,-8.5,51.0,31.75,-7.75,19.25,0.75,-9.333333333333334,32.166666666666664,-8.166666666666664,18.833333333333332,1.1666666666666679,-505,0.8347107438016529,10.0,regular
CLEMSON,13,13,True,ACC,11,The Citadel,51,14,-48.5,-114,-52.65714285714285,-11.5,58.5,53.5,-2.5,5.0,9.0,-15.657142857142851,55.57857142857142,-4.578571428571422,2.9214285714285744,11.078571428571426,-20000,0.9950248756218906,11.0,regular
CLEMSON,13,13,True,ACC,12,South Carolina,14,17,-2.5,-116,-2.761904761904762,-5.5,49.5,26.0,-12.0,23.5,-6.5,-5.761904761904762,26.13095238095238,-12.13095238095238,23.36904761904762,-6.36904761904762,-140,0.5833333333333334,12.0,regular
CLEMSON,13,13,True,ACC,ACC Championship,SMU,34,31,2.5,-108,2.571428571428571,5.5,56.5,27.0,7.0,29.5,1.5,5.571428571428571,26.964285714285715,7.035714285714285,29.535714285714285,1.4642857142857153,113,0.4694835680751174,,postseason
SOUTH CAROLINA,14,14,False,SEC,1,Old Dominion,23,19,-20.5,-110,-21.476190476190478,-16.5,49.5,35.0,-12.0,14.5,4.5,-17.476190476190478,35.48809523809524,-12.48809523809524,14.011904761904761,4.988095238095239,-1769,0.9464954521134297,1.0,regular
SOUTH CAROLINA,14,14,False,SEC,2,Kentucky,31,6,9.5,-111,10.042857142857143,34.5,41.5,16.0,15.0,25.5,-19.5,35.042857142857144,15.728571428571428,15.271428571428572,25.771428571428572,-19.771428571428572,280,0.2631578947368421,2.0,regular
SOUTH CAROLINA,14,14,False,SEC,3,LSU,33,36,6.5,-112,6.933333333333334,3.5,48.5,21.0,12.0,27.5,8.5,3.9333333333333336,20.78333333333333,12.216666666666669,27.71666666666667,8.283333333333331,203,0.33003300330033003,3.0,regular
SOUTH CAROLINA,14,14,False,SEC,4,Akron,50,7,-25.0,-110,-26.190476190476193,18.0,41.5,33.25,16.75,8.25,-1.25,16.809523809523807,33.845238095238095,16.154761904761905,7.654761904761903,-0.6547619047619033,-3252,0.9701670644391408,4.0,regular
SOUTH CAROLINA,14,14,False,SEC,5,Ole Miss,3,27,10.0,-110,10.476190476190476,-14.0,53.0,21.5,-18.5,31.5,-4.5,-13.523809523809524,21.261904761904763,-18.261904761904763,31.738095238095237,-4.738095238095237,289,0.2570694087403599,5.0,regular
SOUTH CAROLINA,14,14,False,SEC,6,Alabama,25,27,21.5,-113,23.138095238095236,19.5,50.5,14.5,10.5,36.0,-9.0,21.138095238095236,13.680952380952382,11.319047619047618,36.819047619047616,-9.819047619047616,1006,0.09041591320072333,6.0,regular
SOUTH CAROLINA,14,14,False,SEC,7,Oklahoma,35,9,-1.0,-110,-1.0476190476190477,25.0,40.5,20.75,14.25,19.75,-10.75,24.952380952380953,20.773809523809526,14.226190476190474,19.726190476190474,-10.726190476190474,-118,0.5412844036697247,7.0,regular
SOUTH CAROLINA,14,14,False,SEC,8,Texas A&M,44,20,3.0,-106,3.0285714285714285,27.0,43.5,20.25,23.75,23.25,-3.25,27.02857142857143,20.235714285714288,23.764285714285712,23.264285714285712,-3.2642857142857125,130,0.43478260869565216,8.0,regular
SOUTH CAROLINA,14,14,False,SEC,9,Vanderbilt,28,7,-6.0,-110,-6.2857142857142865,15.0,45.0,25.5,2.5,19.5,-12.5,14.714285714285714,25.642857142857142,2.3571428571428577,19.357142857142858,-12.357142857142858,-221,0.6884735202492211,9.0,regular
SOUTH CAROLINA,14,14,False,SEC,10,Missouri,34,30,-10.5,-112,-11.2,-6.5,42.5,26.5,7.5,16.0,14.0,-7.199999999999999,26.85,7.149999999999999,15.65,14.35,-418,0.806949806949807,10.0,regular
SOUTH CAROLINA,14,14,False,SEC,11,Wofford,56,12,-42.5,-109,-44.11904761904762,1.5,49.5,46.0,10.0,3.5,8.5,-0.1190476190476204,46.80952380952381,9.19047619047619,2.69047619047619,9.30952380952381,-20000,0.9950248756218906,11.0,regular
SOUTH CAROLINA,14,14,False,SEC,12,Clemson,17,14,2.5,-106,2.5238095238095237,5.5,49.5,23.5,-6.5,26.0,-12.0,5.523809523809524,23.488095238095237,-6.488095238095237,26.011904761904763,-12.011904761904763,117,0.4608294930875576,12.0,regular
MIAMI,15,16,False,ACC,1,Florida,41,17,-2.5,-112,-2.6666666666666665,21.5,54.0,28.25,12.75,25.75,-8.75,21.333333333333332,28.333333333333332,12.666666666666668,25.666666666666668,-8.666666666666668,-138,0.5798319327731093,1.0,regular
MIAMI,15,16,False,ACC,2,Florida A&M,56,9,-48.0,-111,-50.74285714285715,-1.0,56.5,52.25,3.75,4.25,4.75,-3.7428571428571473,53.621428571428574,2.3785714285714263,2.8785714285714263,6.121428571428574,-20000,0.9950248756218906,2.0,regular
MIAMI,15,16,False,ACC,3,Ball State,62,0,-37.5,-110,-39.285714285714285,24.5,55.5,46.5,15.5,9.0,-9.0,22.714285714285715,47.39285714285714,14.607142857142861,8.107142857142858,-8.107142857142858,-20000,0.9950248756218906,3.0,regular
MIAMI,15,16,False,ACC,4,South Florida,50,15,-16.5,-110,-17.28571428571429,18.5,65.0,40.75,9.25,24.25,-9.25,17.71428571428571,41.142857142857146,8.857142857142854,23.857142857142854,-8.857142857142854,-887,0.8986828774062816,4.0,regular
MIAMI,15,16,False,ACC,5,Virginia Tech,38,34,-17.5,-112,-18.666666666666668,-13.5,55.5,36.5,1.5,19.0,15.0,-14.666666666666668,37.083333333333336,0.9166666666666643,18.416666666666664,15.583333333333336,-964,0.9060150375939849,5.0,regular
MIAMI,15,16,False,ACC,6,California,39,38,-10.0,-108,-10.285714285714285,-9.0,54.0,32.0,7.0,22.0,16.0,-9.285714285714285,32.14285714285714,6.857142857142861,21.857142857142858,16.142857142857142,-380,0.7916666666666666,6.0,regular
MIAMI,15,16,False,ACC,7,Louisville,52,45,-4.0,-109,-4.152380952380953,3.0,60.5,32.25,19.75,28.25,16.75,2.8476190476190473,32.326190476190476,19.673809523809524,28.173809523809524,16.826190476190476,-193,0.658703071672355,7.0,regular
MIAMI,15,16,False,ACC,8,Florida State,36,14,-23.0,-110,-24.095238095238095,-1.0,54.5,38.75,-2.75,15.75,-1.75,-2.095238095238095,39.29761904761905,-3.297619047619051,15.202380952380953,-1.2023809523809526,-2703,0.9643239386371745,8.0,regular
MIAMI,15,16,False,ACC,9,Duke,53,31,-21.0,-108,-21.599999999999998,1.0,55.5,38.25,14.75,17.25,13.75,0.40000000000000213,38.55,14.450000000000003,16.950000000000003,14.049999999999997,-1529,0.9386126457949663,9.0,regular
MIAMI,15,16,False,ACC,10,Georgia Tech,23,28,-8.5,-111,-8.985714285714286,-13.5,65.0,36.75,-13.75,28.25,-0.25,-13.985714285714286,36.99285714285714,-13.99285714285714,28.007142857142856,-0.007142857142856229,-343,0.7742663656884876,10.0,regular
MIAMI,15,16,False,ACC,11,Wake Forest,42,14,-23.5,-109,-24.395238095238096,4.5,67.5,45.5,-3.5,22.0,-8.0,3.6047619047619044,45.94761904761905,-3.9476190476190496,21.55238095238095,-7.55238095238095,-2578,0.9626587005227782,11.0,regular
MIAMI,15,16,False,ACC,12,Syracuse,38,42,-12.0,-110,-12.571428571428573,-16.0,67.5,39.75,-1.75,27.75,14.25,-16.571428571428573,40.035714285714285,-2.0357142857142847,27.464285714285715,14.535714285714285,-434,0.8127340823970037,12.0,regular
OLE MISS,16,15,False,SEC,1,Furman,76,0,-46.5,-112,-49.6,29.5,60.5,53.5,22.5,7.0,-7.0,26.4,55.05,20.950000000000003,5.449999999999999,-5.449999999999999,-20000,0.9950248756218906,1.0,regular
OLE MISS,16,15,False,SEC,2,Middle Tennessee,52,3,-42.0,-112,-44.8,7.0,62.0,52.0,0.0,10.0,-7.0,4.200000000000003,53.4,-1.3999999999999986,8.600000000000001,-5.600000000000001,-20000,0.9950248756218906,2.0,regular
OLE MISS,16,15,False,SEC,3,Wake Forest,40,6,-21.0,-110,-22.0,13.0,66.0,43.5,-3.5,22.5,-16.5,12.0,44.0,-4.0,22.0,-16.0,-1721,0.9450851180669961,3.0,regular
OLE MISS,16,15,False,SEC,4,Georgia Southern,52,13,-35.5,-111,-37.52857142857143,3.5,68.5,52.0,0.0,16.5,-3.5,1.471428571428568,53.01428571428572,-1.0142857142857196,15.485714285714284,-2.485714285714284,-20000,0.9950248756218906,4.0,regular
OLE MISS,16,15,False,SEC,5,Kentucky,17,20,-15.5,-110,-16.238095238095237,-18.5,51.5,33.5,-16.5,18.0,2.0,-19.238095238095237,33.86904761904762,-16.86904761904762,17.63095238095238,2.3690476190476204,-750,0.8823529411764706,5.0,regular
OLE MISS,16,15,False,SEC,6,South Carolina,27,3,-10.0,-109,-10.380952380952381,14.0,53.0,31.5,-4.5,21.5,-18.5,13.619047619047619,31.69047619047619,-4.69047619047619,21.30952380952381,-18.30952380952381,-365,0.7849462365591398,6.0,regular
OLE MISS,16,15,False,SEC,7,LSU,26,29,-4.0,-109,-4.152380952380953,-7.0,64.0,34.0,-8.0,30.0,-1.0,-7.152380952380953,34.076190476190476,-8.076190476190476,29.923809523809524,-0.9238095238095241,-183,0.6466431095406361,7.0,regular
OLE MISS,16,15,False,SEC,8,Oklahoma,26,14,-19.0,-109,-19.723809523809525,-7.0,49.5,34.25,-8.25,15.25,-1.25,-7.723809523809525,34.61190476190476,-8.61190476190476,14.888095238095238,-0.8880952380952376,-1341,0.9306037473976405,8.0,regular
OLE MISS,16,15,False,SEC,9,Arkansas,63,31,-7.5,-111,-7.928571428571429,24.5,54.0,30.75,32.25,23.25,7.75,24.07142857142857,30.964285714285715,32.035714285714285,23.035714285714285,7.964285714285715,-297,0.7481108312342569,9.0,regular
OLE MISS,16,15,False,SEC,10,Georgia,28,10,1.5,-109,1.5571428571428574,19.5,55.5,27.0,1.0,28.5,-18.5,19.557142857142857,26.97142857142857,1.0285714285714285,28.52857142857143,-18.52857142857143,109,0.4784688995215311,10.0,regular
OLE MISS,16,15,False,SEC,11,Florida,17,24,-13.0,-109,-13.495238095238097,-20.0,56.5,34.75,-17.75,21.75,2.25,-20.495238095238097,34.99761904761905,-17.997619047619047,21.502380952380953,2.4976190476190467,-541,0.84399375975039,11.0,regular
OLE MISS,16,15,False,SEC,12,Mississippi State,26,14,-26.0,-112,-27.733333333333334,-14.0,63.0,44.5,-18.5,18.5,-4.5,-15.733333333333334,45.36666666666667,-19.366666666666667,17.633333333333333,-3.633333333333333,-3576,0.9727965179542981,12.0,regular
BYU,17,17,False,BIG 12,1,Southern Illinois,41,13,-17.0,-112,-18.133333333333333,11.0,49.5,33.25,7.75,16.25,-3.25,9.866666666666667,33.81666666666666,7.183333333333337,15.683333333333334,-2.6833333333333336,-950,0.9047619047619048,1.0,regular
BYU,17,17,False,BIG 12,2,SMU,18,15,12.5,-111,13.214285714285715,15.5,56.0,21.75,-3.75,34.25,-19.25,16.214285714285715,21.392857142857142,-3.3928571428571423,34.60714285714286,-19.60714285714286,377,0.20964360587002095,2.0,regular
BYU,17,17,False,BIG 12,3,Wyoming,34,14,-9.5,-114,-10.314285714285713,10.5,40.0,24.75,9.25,15.25,-1.25,9.685714285714287,25.15714285714286,8.842857142857142,14.842857142857143,-0.8428571428571434,-371,0.7876857749469215,3.0,regular
BYU,17,17,False,BIG 12,4,Kansas State,38,9,7.5,-114,8.142857142857142,36.5,49.5,21.0,17.0,28.5,-19.5,37.14285714285714,20.67857142857143,17.32142857142857,28.82142857142857,-19.82142857142857,234,0.2994011976047904,4.0,regular
BYU,17,17,False,BIG 12,5,Baylor,34,28,3.0,-107,3.057142857142857,9.0,46.5,21.75,12.25,24.75,3.25,9.057142857142857,21.72142857142857,12.278571428571428,24.77857142857143,3.2214285714285715,134,0.42735042735042733,5.0,regular
BYU,17,17,False,BIG 12,6,Arizona,41,19,-3.0,-107,-3.057142857142857,19.0,48.5,25.75,15.25,22.75,-3.75,18.942857142857143,25.77857142857143,15.221428571428572,22.72142857142857,-3.7214285714285715,-142,0.5867768595041323,6.0,regular
BYU,17,17,False,BIG 12,7,Oklahoma State,38,35,-8.5,-111,-8.985714285714286,-5.5,53.0,30.75,7.25,22.25,12.75,-5.985714285714286,30.992857142857144,7.007142857142856,22.007142857142856,12.992857142857144,-345,0.7752808988764045,7.0,regular
BYU,17,17,False,BIG 12,8,UCF,37,24,2.5,-106,2.5238095238095237,15.5,53.5,25.5,11.5,28.0,-4.0,15.523809523809524,25.488095238095237,11.511904761904763,28.011904761904763,-4.011904761904763,117,0.4608294930875576,8.0,regular
BYU,17,17,False,BIG 12,9,Utah,22,21,-3.0,-111,-3.1714285714285717,-2.0,40.5,21.75,0.25,18.75,2.25,-2.1714285714285717,21.835714285714285,0.1642857142857146,18.664285714285715,2.3357142857142854,-162,0.6183206106870229,9.0,regular
BYU,17,17,False,BIG 12,10,Kansas,13,17,-2.5,-115,-2.738095238095238,-6.5,55.5,29.0,-16.0,26.5,-9.5,-6.738095238095238,29.11904761904762,-16.11904761904762,26.38095238095238,-9.38095238095238,-141,0.5850622406639004,10.0,regular
BYU,17,17,False,BIG 12,11,Arizona State,23,28,3.5,-118,3.9333333333333336,-1.5,49.5,23.0,0.0,26.5,1.5,-1.0666666666666664,22.78333333333333,0.21666666666666856,26.71666666666667,1.2833333333333314,137,0.4219409282700422,11.0,regular
BYU,17,17,False,BIG 12,12,Houston,30,18,-12.0,-111,-12.685714285714287,0.0,40.5,26.25,3.75,14.25,3.75,-0.6857142857142868,26.59285714285714,3.4071428571428584,13.907142857142857,4.092857142857143,-532,0.8417721518987342,12.0,regular
IOWA STATE,18,19,False,BIG 12,1,North Dakota,21,3,-30.5,-112,-32.53333333333333,-12.5,52.0,41.25,-20.25,10.75,-7.75,-14.533333333333331,42.266666666666666,-21.266666666666666,9.733333333333334,-6.733333333333334,-7561,0.9869468737762694,1.0,regular
IOWA STATE,18,19,False,BIG 12,2,Iowa,20,19,2.5,-102,2.4285714285714284,3.5,36.0,16.75,3.25,19.25,-0.25,3.4285714285714284,16.785714285714285,3.2142857142857153,19.214285714285715,-0.2142857142857153,120,0.45454545454545453,2.0,regular
IOWA STATE,18,19,False,BIG 12,3,Arkansas State,52,7,-20.5,-111,-21.67142857142857,24.5,52.0,36.25,15.75,15.75,-8.75,23.32857142857143,36.83571428571429,15.164285714285711,15.164285714285715,-8.164285714285715,-1680,0.9438202247191011,3.0,regular
IOWA STATE,18,19,False,BIG 12,4,Houston,20,0,-16.0,-112,-17.066666666666666,4.0,43.0,29.5,-9.5,13.5,-13.5,2.9333333333333336,30.03333333333333,-10.033333333333331,12.966666666666667,-12.966666666666667,-794,0.8881431767337807,4.0,regular
IOWA STATE,18,19,False,BIG 12,5,Baylor,43,21,-12.5,-111,-13.214285714285715,9.5,45.0,28.75,14.25,16.25,4.75,8.785714285714285,29.107142857142858,13.892857142857142,15.892857142857142,5.107142857142858,-489,0.830220713073005,5.0,regular
IOWA STATE,18,19,False,BIG 12,6,West Virginia,28,16,-3.0,-114,-3.257142857142857,9.0,53.5,28.25,-0.25,25.25,-9.25,8.742857142857144,28.37857142857143,-0.3785714285714299,25.12142857142857,-9.12142857142857,-156,0.609375,6.0,regular
IOWA STATE,18,19,False,BIG 12,7,UCF,38,35,-13.5,-110,-14.142857142857144,-10.5,49.5,31.5,6.5,18.0,17.0,-11.142857142857144,31.821428571428573,6.178571428571427,17.678571428571427,17.321428571428573,-583,0.8535871156661786,7.0,regular
IOWA STATE,18,19,False,BIG 12,8,Texas Tech,22,23,-13.5,-110,-14.142857142857144,-14.5,55.0,34.25,-12.25,20.75,2.25,-15.142857142857144,34.57142857142857,-12.57142857142857,20.428571428571427,2.571428571428573,-535,0.84251968503937,8.0,regular
IOWA STATE,18,19,False,BIG 12,9,Kansas,36,45,-2.0,-110,-2.0952380952380953,-11.0,52.5,27.25,8.75,25.25,19.75,-11.095238095238095,27.297619047619047,8.702380952380953,25.202380952380953,19.797619047619047,-130,0.5652173913043478,9.0,regular
IOWA STATE,18,19,False,BIG 12,10,Cincinnati,34,17,-7.0,-112,-7.466666666666667,10.0,52.5,29.75,4.25,22.75,-5.75,9.533333333333333,29.983333333333334,4.016666666666666,22.516666666666666,-5.516666666666666,-275,0.7333333333333333,10.0,regular
IOWA STATE,18,19,False,BIG 12,11,Utah,31,28,-6.5,-116,-7.180952380952381,-3.5,42.5,24.5,6.5,18.0,10.0,-4.180952380952381,24.840476190476192,6.159523809523808,17.659523809523808,10.340476190476192,-247,0.7118155619596542,11.0,regular
IOWA STATE,18,19,False,BIG 12,12,Kansas State,29,21,-2.0,-110,-2.0952380952380953,6.0,51.0,26.5,2.5,24.5,-3.5,5.904761904761905,26.547619047619047,2.4523809523809526,24.452380952380953,-3.4523809523809526,-124,0.5535714285714286,12.0,regular
IOWA STATE,18,19,False,BIG 12,BIG 12 Championship,Arizona State,19,45,-1.5,-110,-1.5714285714285716,-27.5,50.5,26.0,-7.0,24.5,20.5,-27.571428571428573,26.035714285714285,-7.035714285714285,24.464285714285715,20.535714285714285,-120,0.5454545454545454,12.0,postseason
ARMY,19,18,False,AAC,1,Lehigh,42,7,-31.5,-108,-32.4,3.5,46.5,39.0,3.0,7.5,-0.5,2.6000000000000014,39.45,2.549999999999997,7.050000000000001,-0.05000000000000071,-20000,0.9950248756218906,1.0,regular
ARMY,19,18,False,AAC,2,Florida Athletic,24,7,1.0,-111,1.0571428571428572,18.0,41.5,20.25,3.75,21.25,-14.25,18.057142857142857,20.22142857142857,3.7785714285714285,21.27857142857143,-14.278571428571428,-105,0.5121951219512195,2.0,regular
ARMY,19,18,False,AAC,3,Rice,37,14,-7.5,-108,-7.7142857142857135,15.5,43.5,25.5,11.5,18.0,-4.0,15.285714285714286,25.607142857142858,11.392857142857142,17.892857142857142,-3.8928571428571423,-309,0.7555012224938875,3.0,regular
ARMY,19,18,False,AAC,4,Temple,42,14,-11.5,-111,-12.157142857142857,16.5,46.5,29.0,13.0,17.5,-3.5,15.842857142857143,29.32857142857143,12.67142857142857,17.17142857142857,-3.171428571428571,-488,0.8299319727891157,4.0,regular
ARMY,19,18,False,AAC,5,Tulsa,49,7,-14.0,-108,-14.399999999999999,28.0,50.5,32.25,16.75,18.25,-11.25,27.6,32.45,16.549999999999997,18.05,-11.05,-591,0.8552821997105644,5.0,regular
ARMY,19,18,False,AAC,6,UAB,44,10,-27.5,-112,-29.333333333333332,6.5,55.5,41.5,2.5,14.0,-4.0,4.666666666666668,42.416666666666664,1.5833333333333357,13.083333333333334,-3.083333333333334,-4688,0.9791144527986633,6.0,regular
ARMY,19,18,False,AAC,7,East Carolina,45,28,-17.5,-110,-18.333333333333336,-0.5,54.5,36.0,9.0,18.5,9.5,-1.3333333333333357,36.41666666666667,8.583333333333329,18.083333333333332,9.916666666666668,-955,0.9052132701421801,7.0,regular
ARMY,19,18,False,AAC,8,Air Force,20,3,-18.5,-111,-19.557142857142857,-1.5,38.5,28.5,-8.5,10.0,-7.0,-2.557142857142857,29.02857142857143,-9.028571428571428,9.471428571428572,-6.4714285714285715,-1302,0.9286733238231099,8.0,regular
ARMY,19,18,False,AAC,9,North Texas,14,3,-6.5,-113,-6.995238095238095,4.5,68.5,37.5,-23.5,31.0,-28.0,4.004761904761905,37.74761904761905,-23.747619047619047,30.752380952380953,-27.752380952380953,-243,0.7084548104956269,9.0,regular
ARMY,19,18,False,AAC,10,Notre Dame,14,49,14.5,-114,15.742857142857142,-20.5,44.5,15.0,-1.0,29.5,19.5,-19.25714285714286,14.37857142857143,-0.3785714285714299,30.12142857142857,18.87857142857143,460,0.17857142857142858,10.0,regular
ARMY,19,18,False,AAC,11,USTA,29,24,-6.0,-112,-6.4,-1.0,53.5,29.75,-0.75,23.75,0.25,-1.4000000000000004,29.95,-0.9499999999999993,23.55,0.4499999999999993,-226,0.6932515337423313,11.0,regular
ARMY,19,18,False,AAC,12,Tulane,35,14,5.5,-112,5.866666666666666,26.5,46.5,20.5,14.5,26.0,-12.0,26.866666666666667,20.316666666666666,14.683333333333334,26.183333333333334,-12.183333333333334,180,0.35714285714285715,12.0,regular
COLORADO,20,22,False,BIG 12,1,North Dakota State,31,26,-11.5,-110,-12.047619047619047,-6.5,55.0,33.25,-2.25,21.75,4.25,-7.0476190476190474,33.523809523809526,-2.5238095238095255,21.476190476190474,4.5238095238095255,-460,0.8214285714285714,1.0,regular
COLORADO,20,22,False,BIG 12,2,Nebraska,10,28,6.5,-109,6.7476190476190485,-11.5,55.0,24.25,-14.25,30.75,-2.75,-11.252380952380951,24.126190476190477,-14.126190476190477,30.873809523809523,-2.8738095238095234,194,0.3401360544217687,2.0,regular
COLORADO,20,22,False,BIG 12,3,Colorado State,28,9,-7.5,-110,-7.857142857142858,11.5,59.0,33.25,-5.25,25.75,-16.75,11.142857142857142,33.42857142857143,-5.428571428571431,25.57142857142857,-16.57142857142857,-303,0.7518610421836228,3.0,regular
COLORADO,20,22,False,BIG 12,4,Baylor,38,31,-2.5,-113,-2.6904761904761902,4.5,52.5,27.5,10.5,25.0,6.0,4.30952380952381,27.595238095238095,10.404761904761905,24.904761904761905,6.095238095238095,-135,0.574468085106383,4.0,regular
COLORADO,20,22,False,BIG 12,5,UCF,48,21,13.0,-110,13.61904761904762,40.0,61.0,24.0,24.0,37.0,-16.0,40.61904761904762,23.69047619047619,24.30952380952381,37.30952380952381,-16.30952380952381,365,0.21505376344086022,5.0,regular
COLORADO,20,22,False,BIG 12,6,Kansas State,28,31,3.5,109,-3.6333333333333337,0.5,55.5,26.0,2.0,29.5,1.5,-6.633333333333334,29.566666666666666,-1.5666666666666664,25.933333333333334,5.066666666666666,136,0.423728813559322,6.0,regular
COLORADO,20,22,False,BIG 12,7,Arizona,34,7,2.5,-111,2.642857142857143,29.5,57.5,27.5,6.5,30.0,-23.0,29.642857142857142,27.428571428571427,6.571428571428573,30.071428571428573,-23.071428571428573,110,0.47619047619047616,7.0,regular
COLORADO,20,22,False,BIG 12,8,Cincinnati,34,23,-6.0,-110,-6.2857142857142865,5.0,57.0,31.5,2.5,25.5,-2.5,4.7142857142857135,31.642857142857142,2.3571428571428577,25.357142857142858,-2.3571428571428577,-220,0.6875,8.0,regular
COLORADO,20,22,False,BIG 12,9,Texas Tech,41,27,-4.5,-111,-4.757142857142857,9.5,62.5,33.5,7.5,29.0,-2.0,9.242857142857144,33.628571428571426,7.371428571428574,28.87142857142857,-1.87142857142857,-196,0.6621621621621622,9.0,regular
COLORADO,20,22,False,BIG 12,10,Utah,49,24,-13.5,-113,-14.528571428571428,11.5,43.5,28.5,20.5,15.0,9.0,10.471428571428572,29.014285714285712,19.985714285714288,14.485714285714286,9.514285714285714,-576,0.8520710059171598,10.0,regular
COLORADO,20,22,False,BIG 12,11,Kansas,21,37,-1.5,-112,-1.6,-17.5,59.5,30.5,-9.5,29.0,8.0,-17.6,30.55,-9.55,28.95,8.05,-128,0.5614035087719298,11.0,regular
COLORADO,20,22,False,BIG 12,12,Oklahoma State,52,0,-14.5,-107,-14.776190476190475,37.5,67.5,41.0,11.0,26.5,-26.5,37.22380952380952,41.13809523809524,10.86190476190476,26.36190476190476,-26.36190476190476,-785,0.8870056497175142,12.0,regular
ILLINOIS,21,21,False,BIG 10,1,Eastern Illinois,45,0,-28.5,-109,-29.58571428571429,16.5,50.5,39.5,5.5,11.0,-11.0,15.414285714285711,40.042857142857144,4.9571428571428555,10.457142857142856,-10.457142857142856,-5914,0.983372131692717,1.0,regular
ILLINOIS,21,21,False,BIG 10,2,Kansas,23,17,5.5,-110,5.761904761904762,11.5,58.5,26.5,-3.5,32.0,-15.0,11.761904761904763,26.36904761904762,-3.3690476190476204,32.13095238095238,-15.13095238095238,171,0.36900369003690037,2.0,regular
ILLINOIS,21,21,False,BIG 10,3,Central Michigan,30,9,-21.5,-108,-22.114285714285714,-0.5,50.0,35.75,-5.75,14.25,-5.25,-1.1142857142857139,36.05714285714286,-6.057142857142857,13.942857142857143,-4.942857142857143,-1812,0.9476987447698745,3.0,regular
ILLINOIS,21,21,False,BIG 10,4,Nebraska,31,24,9.5,-110,9.952380952380953,16.5,42.5,16.5,14.5,26.0,-2.0,16.952380952380953,16.273809523809526,14.726190476190474,26.226190476190474,-2.2261904761904745,289,0.2570694087403599,4.0,regular
ILLINOIS,21,21,False,BIG 10,5,Penn State,7,21,19.5,-111,20.614285714285714,5.5,48.5,14.5,-7.5,34.0,-13.0,6.614285714285714,13.942857142857143,-6.942857142857143,34.55714285714286,-13.557142857142857,691,0.1264222503160556,5.0,regular
ILLINOIS,21,21,False,BIG 10,6,Purdue,50,49,-22.5,-112,-24.0,-21.5,47.5,35.0,15.0,12.5,36.5,-23.0,35.75,14.25,11.75,37.25,-2369,0.9594977723774808,6.0,regular
ILLINOIS,21,21,False,BIG 10,7,Michigan,21,7,6.0,-110,6.2857142857142865,20.0,44.0,19.0,2.0,25.0,-18.0,20.285714285714285,18.857142857142858,2.1428571428571423,25.142857142857142,-18.142857142857142,180,0.35714285714285715,7.0,regular
ILLINOIS,21,21,False,BIG 10,8,Oregon,9,38,21.5,-115,23.54761904761905,-7.5,54.5,16.5,-7.5,38.0,0.0,-5.452380952380949,15.476190476190474,-6.4761904761904745,39.023809523809526,-1.0238095238095255,992,0.09157509157509157,8.0,regular
ILLINOIS,21,21,False,BIG 10,9,Minnesota,17,25,2.5,-103,2.452380952380952,-5.5,47.0,22.25,-5.25,24.75,0.25,-5.5476190476190474,22.273809523809526,-5.2738095238095255,24.726190476190474,0.2738095238095255,119,0.45662100456621,9.0,regular
ILLINOIS,21,21,False,BIG 10,10,Michigan State,38,16,-1.5,-111,-1.5857142857142859,20.5,47.5,24.5,13.5,23.0,-7.0,20.414285714285715,24.542857142857144,13.457142857142856,22.957142857142856,-6.9571428571428555,-125,0.5555555555555556,10.0,regular
ILLINOIS,21,21,False,BIG 10,11,Rutgers,38,31,2.5,-109,2.5952380952380953,9.5,48.0,22.75,15.25,25.25,5.75,9.595238095238095,22.702380952380953,15.297619047619047,25.297619047619047,5.7023809523809526,114,0.4672897196261682,11.0,regular
ILLINOIS,21,21,False,BIG 10,12,Northwestern,38,28,-8.5,-109,-8.823809523809524,1.5,43.5,26.0,12.0,17.5,10.5,1.1761904761904756,26.16190476190476,11.838095238095239,17.33809523809524,10.661904761904761,-319,0.7613365155131265,12.0,regular
SYRACUSE,22,25,False,ACC,1,Ohio,38,22,-17.0,-111,-17.97142857142857,-1.0,44.5,30.75,7.25,13.75,8.25,-1.9714285714285715,31.235714285714288,6.7642857142857125,13.264285714285714,8.735714285714286,-1009,0.9098286744815148,1.0,regular
SYRACUSE,22,25,False,ACC,2,Georgia Tech,31,28,3.0,-115,3.285714285714286,6.0,60.5,28.75,2.25,31.75,-3.75,6.2857142857142865,28.607142857142858,2.3928571428571423,31.892857142857142,-3.8928571428571423,112,0.4716981132075472,2.0,regular
SYRACUSE,22,25,False,ACC,3,Stanford,24,26,-9.0,-112,-9.6,-11.0,56.5,32.75,-8.75,23.75,2.25,-11.6,33.05,-9.049999999999997,23.45,2.5500000000000007,-364,0.7844827586206896,3.0,regular
SYRACUSE,22,25,False,ACC,4,Holy Cross,42,14,-30.5,-113,-32.82380952380952,-2.5,59.5,45.0,-3.0,14.5,-0.5,-4.823809523809523,46.161904761904765,-4.161904761904765,13.338095238095239,0.6619047619047613,-7238,0.9863723085309348,4.0,regular
SYRACUSE,22,25,False,ACC,5,UNLV,44,41,5.5,-110,5.761904761904762,8.5,55.5,25.0,19.0,30.5,10.5,8.761904761904763,24.86904761904762,19.13095238095238,30.63095238095238,10.36904761904762,170,0.37037037037037035,5.0,regular
SYRACUSE,22,25,False,ACC,6,NC State,24,17,-1.0,-108,-1.0285714285714285,6.0,51.5,26.25,-2.25,25.25,-8.25,5.9714285714285715,26.264285714285712,-2.2642857142857125,25.235714285714288,-8.235714285714288,-116,0.5370370370370371,6.0,regular
SYRACUSE,22,25,False,ACC,7,Pittsburgh,13,41,5.0,-112,5.333333333333333,-23.0,62.5,28.75,-15.75,33.75,7.25,-22.666666666666668,28.583333333333332,-15.583333333333332,33.916666666666664,7.083333333333336,167,0.37453183520599254,7.0,regular
SYRACUSE,22,25,False,ACC,8,Virginia Tech,38,31,2.5,-108,2.571428571428571,9.5,52.5,25.0,13.0,27.5,3.5,9.571428571428571,24.964285714285715,13.035714285714285,27.535714285714285,3.4642857142857153,123,0.4484304932735426,8.0,regular
SYRACUSE,22,25,False,ACC,9,Boston College,31,37,3.0,-112,3.2,-3.0,52.0,24.5,6.5,27.5,9.5,-2.8,24.4,6.600000000000001,27.6,9.399999999999999,124,0.44642857142857145,9.0,regular
SYRACUSE,22,25,False,ACC,10,California,33,25,10.5,-116,11.600000000000001,18.5,58.0,23.75,9.25,34.25,-9.25,19.6,23.2,9.8,34.8,-9.799999999999997,293,0.2544529262086514,10.0,regular
SYRACUSE,22,25,False,ACC,11,Uconn,31,24,-10.0,-109,-10.380952380952381,-3.0,53.5,31.75,-0.75,21.75,2.25,-3.3809523809523814,31.94047619047619,-0.9404761904761898,21.55952380952381,2.44047619047619,-383,0.7929606625258799,11.0,regular
SYRACUSE,22,25,False,ACC,12,Miami,42,38,12.0,-109,12.457142857142859,16.0,67.5,27.75,14.25,39.75,-1.75,16.45714285714286,27.521428571428572,14.478571428571428,39.97857142857143,-1.9785714285714278,336,0.22935779816513763,12.0,regular
MISSOURI,23,20,False,SEC,1,Murray State,51,0,-50.5,-110,-52.904761904761905,0.5,63.5,57.0,-6.0,6.5,-6.5,-1.904761904761905,58.20238095238095,-7.202380952380949,5.2976190476190474,-5.2976190476190474,-20000,0.9950248756218906,1.0,regular
MISSOURI,23,20,False,SEC,2,Buffalo,38,0,-32.0,-110,-33.523809523809526,6.0,51.5,41.75,-3.75,9.75,-9.75,4.4761904761904745,42.51190476190476,-4.511904761904759,8.988095238095237,-8.988095238095237,-10000,0.9900990099009901,2.0,regular
MISSOURI,23,20,False,SEC,3,Boston College,27,21,-14.5,-108,-14.914285714285713,-8.5,52.0,33.25,-6.25,18.75,2.25,-8.914285714285713,33.457142857142856,-6.4571428571428555,18.542857142857144,2.4571428571428555,-663,0.8689384010484927,3.0,regular
MISSOURI,23,20,False,SEC,4,Vanderbilt,30,27,-17.5,-112,-18.666666666666668,-14.5,52.0,34.75,-4.75,17.25,9.75,-15.666666666666668,35.333333333333336,-5.333333333333336,16.666666666666664,10.333333333333336,-989,0.9081726354453628,4.0,regular
MISSOURI,23,20,False,SEC,5,Texas A&M,10,41,2.5,-106,2.5238095238095237,-28.5,47.5,22.5,-12.5,25.0,16.0,-28.476190476190474,22.488095238095237,-12.488095238095237,25.011904761904763,15.988095238095237,116,0.46296296296296297,5.0,regular
MISSOURI,23,20,False,SEC,6,UMass,45,3,-27.5,-109,-28.54761904761905,14.5,53.5,40.5,4.5,13.0,-10.0,13.452380952380949,41.023809523809526,3.9761904761904745,12.476190476190474,-9.476190476190474,-4476,0.9781468531468531,6.0,regular
MISSOURI,23,20,False,SEC,7,Auburn,21,17,-3.5,-106,-3.533333333333333,0.5,49.5,26.5,-5.5,23.0,-6.0,0.4666666666666668,26.516666666666666,-5.516666666666666,22.983333333333334,-5.983333333333334,-167,0.6254681647940075,7.0,regular
MISSOURI,23,20,False,SEC,8,Alabama,0,34,16.0,-109,16.60952380952381,-18.0,51.0,17.5,-17.5,33.5,0.5,-17.39047619047619,17.195238095238096,-17.195238095238096,33.804761904761904,0.19523809523809632,499,0.1669449081803005,8.0,regular
MISSOURI,23,20,False,SEC,9,Oklahoma,30,23,3.5,-113,3.7666666666666666,10.5,42.5,19.5,10.5,23.0,0.0,10.766666666666666,19.366666666666667,10.633333333333333,23.133333333333333,-0.13333333333333286,138,0.42016806722689076,9.0,regular
MISSOURI,23,20,False,SEC,10,South Carolina,30,34,10.5,-109,10.9,6.5,42.5,16.0,14.0,26.5,7.5,6.9,15.8,14.2,26.7,7.300000000000001,317,0.23980815347721823,10.0,regular
MISSOURI,23,20,False,SEC,11,Mississippi State,39,20,-9.5,-110,-9.952380952380953,9.5,57.5,33.5,5.5,24.0,-4.0,9.047619047619047,33.726190476190474,5.2738095238095255,23.773809523809526,-3.7738095238095255,-350,0.7777777777777778,11.0,regular
MISSOURI,23,20,False,SEC,12,Arkansas,28,21,-3.0,-106,-3.0285714285714285,4.0,51.0,27.0,1.0,24.0,-3.0,3.9714285714285715,27.014285714285712,0.9857142857142875,23.985714285714288,-2.9857142857142875,-146,0.5934959349593496,12.0,regular
UNLV,24,24,False,Mountain West,1,Houston,27,7,3.5,-113,3.7666666666666666,23.5,55.5,26.0,1.0,29.5,-22.5,23.766666666666666,25.866666666666667,1.1333333333333329,29.633333333333333,-22.633333333333333,137,0.4219409282700422,1.0,regular
UNLV,24,24,False,Mountain West,2,Utah Tech,72,14,-41.5,-110,-43.47619047619048,16.5,55.5,48.5,23.5,7.0,7.0,14.523809523809518,49.48809523809524,22.51190476190476,6.011904761904759,7.988095238095241,-20000,0.9950248756218906,2.0,regular
UNLV,24,24,False,Mountain West,3,Kansas,23,20,9.5,-115,10.404761904761905,12.5,57.5,24.0,-1.0,33.5,-13.5,13.404761904761905,23.547619047619047,-0.5476190476190474,33.95238095238095,-13.952380952380949,256,0.2808988764044944,3.0,regular
UNLV,24,24,False,Mountain West,4,Fresno State,59,14,-2.5,-113,-2.6904761904761902,42.5,51.0,26.75,32.25,24.25,-10.25,42.30952380952381,26.845238095238095,32.154761904761905,24.154761904761905,-10.154761904761905,-136,0.576271186440678,4.0,regular
UNLV,24,24,False,Mountain West,5,Syracuse,41,44,-5.5,-110,-5.761904761904762,-8.5,55.5,30.5,10.5,25.0,19.0,-8.761904761904763,30.63095238095238,10.36904761904762,24.86904761904762,19.13095238095238,-207,0.6742671009771987,5.0,regular
UNLV,24,24,False,Mountain West,6,Utah State,50,34,-19.0,-109,-19.723809523809525,-3.0,66.5,42.75,7.25,23.75,10.25,-3.723809523809525,43.11190476190476,6.888095238095239,23.38809523809524,10.61190476190476,-1178,0.9217527386541471,6.0,regular
UNLV,24,24,False,Mountain West,7,Oregon State,33,25,-6.5,-112,-6.933333333333334,1.5,61.0,33.75,-0.75,27.25,-2.25,1.0666666666666664,33.96666666666667,-0.9666666666666686,27.03333333333333,-2.0333333333333314,-243,0.7084548104956269,7.0,regular
UNLV,24,24,False,Mountain West,8,Boise State,24,29,4.0,-109,4.152380952380953,-1.0,64.0,30.0,-6.0,34.0,-5.0,-0.8476190476190473,29.923809523809524,-5.923809523809524,34.076190476190476,-5.076190476190476,164,0.3787878787878788,8.0,regular
UNLV,24,24,False,Mountain West,9,Hawaii,29,27,-12.5,-112,-13.333333333333334,-10.5,50.5,31.5,-2.5,19.0,8.0,-11.333333333333334,31.916666666666668,-2.916666666666668,18.583333333333332,8.416666666666668,-496,0.8322147651006712,9.0,regular
UNLV,24,24,False,Mountain West,10,San Diego State,41,20,-22.0,-113,-23.676190476190474,-1.0,55.0,38.5,2.5,16.5,3.5,-2.676190476190474,39.338095238095235,1.6619047619047649,15.661904761904763,4.338095238095237,-1928,0.9506903353057199,10.0,regular
UNLV,24,24,False,Mountain West,11,San Jose State,27,16,-7.5,-110,-7.857142857142858,3.5,59.5,33.5,-6.5,26.0,-10.0,3.1428571428571423,33.67857142857143,-6.678571428571431,25.82142857142857,-9.82142857142857,-302,0.7512437810945274,11.0,regular
UNLV,24,24,False,Mountain West,12,Nevada,38,14,-17.5,-109,-18.166666666666668,6.5,54.5,36.0,2.0,18.5,-4.5,5.833333333333332,36.333333333333336,1.6666666666666643,18.166666666666664,-4.166666666666664,-912,0.9011857707509882,12.0,regular
UNLV,24,24,False,Mountain West,Mountain West Championship,Boise State,7,21,4.0,-108,4.114285714285714,-10.0,57.5,26.75,-19.75,30.75,-9.75,-9.885714285714286,26.692857142857143,-19.692857142857143,30.807142857142857,-9.807142857142857,160,0.38461538461538464,,postseason
MEMPHIS,25,23,False,AAC,1,North Alabama,40,0,-38.0,-111,-40.17142857142857,2.0,62.5,50.25,-10.25,12.25,-12.25,-0.17142857142857082,51.33571428571429,-11.335714285714289,11.164285714285715,-11.164285714285715,-20000,0.9950248756218906,1.0,regular
MEMPHIS,25,23,False,AAC,2,Troy,38,17,-18.5,-108,-19.028571428571425,2.5,56.0,37.25,0.75,18.75,-1.75,1.971428571428575,37.51428571428571,0.48571428571428754,18.485714285714288,-1.4857142857142875,-1115,0.9176954732510288,2.0,regular
MEMPHIS,25,23,False,AAC,3,Florida State,20,12,6.5,-107,6.623809523809523,14.5,54.5,24.0,-4.0,30.5,-18.5,14.623809523809523,23.938095238095237,-3.9380952380952365,30.561904761904763,-18.561904761904763,212,0.32051282051282054,3.0,regular
MEMPHIS,25,23,False,AAC,4,Navy,44,56,-9.0,-110,-9.428571428571429,-21.0,47.0,28.0,16.0,19.0,37.0,-21.42857142857143,28.214285714285715,15.785714285714285,18.785714285714285,37.214285714285715,-351,0.7782705099778271,4.0,regular
MEMPHIS,25,23,False,AAC,5,Middle Tennessee,24,7,-27.0,-110,-28.28571428571429,-10.0,61.5,44.25,-20.25,17.25,-10.25,-11.285714285714288,44.892857142857146,-20.892857142857146,16.607142857142854,-9.607142857142854,-4366,0.9776085982982534,5.0,regular
MEMPHIS,25,23,False,AAC,6,South Florida,21,3,-10.0,-113,-10.761904761904761,8.0,60.5,35.25,-14.25,25.25,-22.25,7.238095238095239,35.63095238095238,-14.63095238095238,24.86904761904762,-21.86904761904762,-345,0.7752808988764045,6.0,regular
MEMPHIS,25,23,False,AAC,7,North Texas,52,44,-11.0,-110,-11.523809523809524,-3.0,68.0,39.5,12.5,28.5,15.5,-3.5238095238095237,39.76190476190476,12.23809523809524,28.238095238095237,15.761904761904763,-403,0.8011928429423459,7.0,regular
MEMPHIS,25,23,False,AAC,8,Charlotte,33,28,-17.0,-110,-17.80952380952381,-12.0,56.5,36.75,-3.75,19.75,8.25,-12.80952380952381,37.154761904761905,-4.154761904761905,19.345238095238095,8.654761904761905,-875,0.8974358974358975,8.0,regular
MEMPHIS,25,23,False,AAC,9,UTSA,36,44,-7.0,-114,-7.6,-15.0,62.0,34.5,1.5,27.5,16.5,-15.6,34.8,1.2000000000000028,27.2,16.8,-264,0.7252747252747253,9.0,regular
MEMPHIS,25,23,False,AAC,10,Rice,27,20,-7.0,-112,-7.466666666666667,0.0,50.5,28.75,-1.75,21.75,-1.75,-0.4666666666666668,28.983333333333334,-1.9833333333333343,21.516666666666666,-1.5166666666666657,-302,0.7512437810945274,10.0,regular
MEMPHIS,25,23,False,AAC,11,UAB,53,18,-16.0,-110,-16.761904761904763,19.0,62.5,39.25,13.75,23.25,-5.25,18.238095238095237,39.63095238095238,13.36904761904762,22.86904761904762,-4.86904761904762,-738,0.8806682577565632,11.0,regular
MEMPHIS,25,23,False,AAC,12,Tulane,34,24,13.5,-112,14.4,23.5,54.0,20.25,13.75,33.75,-9.75,24.4,19.8,14.2,34.2,-10.200000000000003,412,0.1953125,12.0,regular
